Date,ACES,ADIV,AMOM,AQWA,BMED,BTEC,CGW,CHIH,CLMA,CNRG,CTEX,DTOX,ERTH,ESMV,EUSC,EWJE,EWRE,FEDM,FRNW,FXH,GBLD,GXTG,HTEC,ICLN,IDHD,IDLV,IEIH,IHI,IMFL,JHMH,JPIN,KGRN,LVHI,MID,MXDU,NULG,PBE,PINK,PSCC,PTH,PUI,QCLN,RHS,RNRG,RODM,RYH,SDG,SHFT,SOLR,SPMV,STNC,TAN,UTRN,WNDY,WOOD,XBI,XHE,XLV
2019-05-01,26.20264434814453,,,,,30.850784301757812,33.39852523803711,15.39026165008545,,33.271324157714844,,,36.02854537963867,,26.635156631469727,30.119810104370117,27.021509170532227,,,71.30000305175781,,,,9.673426628112793,23.475860595703125,29.747224807739258,21.85623550415039,36.4405517578125,,30.507225036621094,47.18294906616211,17.256818771362305,22.112117767333984,,26.051250457763672,31.77012062072754,48.375850677490234,,68.05817413330078,77.9800033569336,29.576244354248047,18.54377555847168,121.64824676513672,11.816258430480957,24.74688148498535,184.12110900878906,52.958580017089844,,,26.37554359436035,,25.569334030151367,17.124357223510742,,52.505428314208984,79.24736785888672,74.6695556640625,82.69171905517578
2019-06-01,28.76331329345703,,19.567739486694336,,,33.70511245727539,35.77798843383789,15.32285213470459,,36.52550506591797,,,39.117435455322266,,27.367462158203125,30.901901245117188,27.240755081176758,,,77.44999694824219,,,,10.302830696105957,24.312204360961914,30.606184005737305,23.30661964416504,39.75873947143555,,32.17147445678711,48.67556381225586,17.6275634765625,22.84455680847168,,27.756786346435547,34.02633285522461,53.48224639892578,,69.60970306396484,88.1500015258789,30.255836486816406,20.811220169067383,126.60574340820312,12.663833618164062,25.405475616455078,199.551513671875,55.23781204223633,,,27.82526206970215,,28.159135818481445,18.08433723449707,,57.24046325683594,87.49732208251953,81.7966537475586,87.76992797851562
2019-07-01,29.9836483001709,,19.98847770690918,,,33.991329193115234,35.45307922363281,16.007932662963867,,37.64082717895508,,,38.30278396606445,,27.63882827758789,31.332378387451172,27.89004135131836,,,77.58999633789062,,,25.159767150878906,10.468338012695312,24.217609405517578,30.687604904174805,22.69770050048828,40.72767639160156,,32.579612731933594,48.086063385009766,17.101015090942383,22.906171798706055,,28.237396240234375,34.832130432128906,52.892662048339844,,71.60076904296875,89.12999725341797,30.671058654785156,21.94100570678711,129.1990509033203,12.700387954711914,25.29581069946289,198.30667114257812,55.353599548339844,,,28.384052276611328,,29.39427375793457,18.204334259033203,,55.95870590209961,85.47224426269531,83.236572265625,86.71720886230469
2019-08-01,29.734968185424805,,20.264659881591797,,,32.05686569213867,35.68242263793945,16.74486541748047,,37.76604461669922,,,36.58876037597656,,27.39719581604004,30.492191314697266,28.746417999267578,,,75.45999908447266,,,24.276229858398438,10.604924201965332,23.917015075683594,30.779102325439453,22.505252838134766,41.21378707885742,,31.99027442932129,47.14248275756836,16.184955596923828,22.686311721801758,,27.89055824279785,34.96031951904297,49.96472930908203,,68.62496948242188,86.05000305175781,32.15166091918945,20.973743438720703,131.03494262695312,12.578537940979004,24.83705711364746,193.13999938964844,55.28205108642578,,,28.42540740966797,,30.430194854736328,18.08433723449707,,54.08076858520508,80.17512512207031,79.62715911865234,86.20340728759766
2019-09-01,30.080791473388672,,19.95576286315918,,,30.81328010559082,36.56158447265625,15.567956924438477,,37.65045928955078,,,38.42337417602539,,28.183425903320312,32.41801452636719,29.19386100769043,,,74.0199966430664,,,23.49464225769043,10.63419246673584,24.13483238220215,31.254878997802734,22.184511184692383,40.879798889160156,,31.655296325683594,48.240291595458984,16.20560646057129,23.503320693969727,,28.119873046875,34.87791061401367,47.33658218383789,,71.18931579589844,78.22000122070312,32.81700134277344,21.131664276123047,133.55577087402344,13.040032386779785,25.58024024963379,193.22872924804688,56.441253662109375,,,28.85494613647461,,29.254823684692383,18.571386337280273,,57.0582275390625,76.06510925292969,78.05741119384766,85.75621795654297
2019-10-01,30.48664665222168,,19.93902587890625,,,32.07660675048828,37.84210205078125,17.4241943359375,,37.491703033447266,,,39.462318420410156,,29.237586975097656,33.48476791381836,29.511655807495117,,,76.61000061035156,,,24.109317779541016,10.400044441223145,25.235124588012695,31.923002243041992,23.727651596069336,41.22015380859375,,33.01921463012695,50.242427825927734,16.339824676513672,24.287508010864258,,28.253639221191406,35.71117401123047,50.99399948120117,,69.88556671142578,80.1500015258789,32.52042770385742,21.70923614501953,132.7510528564453,13.367849349975586,26.222501754760742,202.7383575439453,58.98492431640625,,,28.961254119873047,,27.979841232299805,19.023143768310547,,61.27143096923828,81.43502044677734,78.91726684570312,90.52648162841797
2019-11-01,31.6025447845459,,20.350631713867188,,,37.157535552978516,38.061893463134766,16.844181060791016,,38.62108612060547,,,41.0821647644043,,30.248807907104492,34.24282455444336,29.096128463745117,,,83.02999877929688,,,26.397113800048828,10.741510391235352,24.96514320373535,32.07074737548828,25.42965316772461,43.00225067138672,,35.11452865600586,50.827178955078125,16.520030975341797,24.306108474731445,,29.32091522216797,37.26781463623047,55.300960540771484,,72.24363708496094,90.0999984741211,31.635133743286133,22.76096534729004,136.3867645263672,13.226140975952148,26.6353816986084,214.13658142089844,60.512481689453125,,,29.685354232788086,,27.880233764648438,19.566659927368164,,63.11044692993164,93.42630767822266,85.31623840332031,95.05517578125
2019-12-01,32.959590911865234,,19.728275299072266,,,38.03791809082031,39.30418395996094,17.53443717956543,,44.59620666503906,,,43.02943420410156,,30.718900680541992,33.73115539550781,29.013023376464844,,,84.19999694824219,,26.766515731811523,26.482070922851562,11.463465690612793,24.873388290405273,31.507463455200195,25.734336853027344,43.73694610595703,,35.75377655029297,52.1611213684082,17.380714416503906,23.650625228881836,,29.553096771240234,37.945404052734375,55.81060028076172,,76.69990539550781,95.69999694824219,32.32264709472656,24.69574737548828,139.63973999023438,14.164477348327637,26.947336196899414,218.7492218017578,63.27754592895508,,,30.059175491333008,,30.679214477539062,19.07961082458496,,65.19271850585938,94.88282775878906,85.63619232177734,97.31953430175781
2020-01-01,35.68907928466797,,21.17524528503418,,,37.43586730957031,40.460506439208984,17.518489837646484,,44.85783386230469,,,42.76376724243164,,30.093257904052734,33.173118591308594,29.48808479309082,,,82.72000122070312,,26.90086555480957,26.639986038208008,11.910262107849121,25.252662658691406,32.41437911987305,25.497194290161133,43.85631561279297,,35.284446716308594,51.18962860107422,17.72330665588379,24.387344360351562,,30.497644424438477,39.629756927490234,53.991886138916016,,70.1460952758789,90.91999816894531,34.581111907958984,26.196346282958984,139.55661010742188,14.689298629760742,26.66658592224121,215.20828247070312,64.51840209960938,,,30.82630157470703,,32.11919021606445,18.596542358398438,,60.87336730957031,88.90713500976562,85.28923797607422,95.73211669921875
2020-02-01,36.43123245239258,,19.631023406982422,,,36.381778717041016,37.4346923828125,18.64375114440918,,46.33112716674805,,,40.667415618896484,,28.141193389892578,29.899240493774414,27.233163833618164,,,79.2300033569336,,25.552440643310547,25.45461082458496,12.342649459838867,23.06877326965332,30.198904037475586,24.691652297973633,40.02924728393555,,32.96131896972656,46.99299621582031,19.177017211914062,22.81352424621582,,27.78343963623047,37.33399200439453,50.07465362548828,,63.920562744140625,91.05000305175781,30.590251922607422,26.0274658203125,127.06028747558594,13.727158546447754,24.401039123535156,202.24058532714844,62.14891815185547,,,28.115982055664062,,36.43505096435547,16.662912368774414,,55.980098724365234,88.96698760986328,79.96990966796875,89.42659759521484
2020-03-01,28.14695167541504,,18.357284545898438,,,31.036334991455078,32.1589241027832,16.858924865722656,,35.707923889160156,,,32.47181701660156,,21.537395477294922,28.18398666381836,21.334796905517578,,,73.97000122070312,,21.629743576049805,23.48964500427246,9.384737968444824,18.893606185913086,24.997770309448242,23.809036254882812,37.350799560546875,,31.451528549194336,39.88179397583008,16.543413162231445,18.97762107849121,,24.354970932006836,32.631370544433594,46.45720672607422,,61.0546989440918,85.26000213623047,27.329315185546875,19.91796112060547,118.97953033447266,11.75451946258545,20.464191436767578,187.12646484375,55.888328552246094,,,24.609296798706055,,25.205821990966797,15.491015434265137,,46.90514373779297,77.25502014160156,71.66095733642578,85.53511810302734
2020-04-01,33.22796630859375,,20.69769287109375,,,37.88987350463867,34.58344650268555,19.129430770874023,,42.01471710205078,,,37.08317565917969,,24.07174301147461,29.433191299438477,24.440500259399414,,,84.37000274658203,,25.527923583984375,27.52452278137207,10.573798179626465,20.02889633178711,25.742773056030273,26.850830078125,42.67228317260742,,35.72394943237305,42.99527359008789,18.076778411865234,19.657901763916016,,28.219772338867188,37.50061798095703,53.25,,65.83860778808594,98.62000274658203,28.8531494140625,24.382089614868164,129.6240234375,12.571857452392578,21.77337646484375,212.59490966796875,60.7050666809082,,,27.845182418823242,,30.091136932373047,19.204463958740234,,51.291534423828125,93.16692352294922,83.45947265625,96.76923370361328
2020-05-01,35.65388870239258,,22.734716415405273,,,41.18635940551758,36.03816604614258,20.038833618164062,,44.999000549316406,,,40.947994232177734,,25.13875961303711,31.769207000732422,24.14841079711914,,,91.55000305175781,,28.53761100769043,29.797327041625977,11.713724136352539,20.726993560791016,26.540029525756836,28.210363388061523,44.50893783569336,,37.53415298461914,45.13346481323242,17.838808059692383,20.021595001220703,,29.533632278442383,41.370094299316406,58.040000915527344,,70.72201538085938,114.0999984741211,29.787893295288086,26.792409896850586,132.18202209472656,13.099481582641602,22.553321838378906,224.57699584960938,63.05801773071289,,,28.744285583496094,,33.72764587402344,19.849008560180664,,52.66593933105469,103.31263732910156,88.01889038085938,99.95185852050781
2020-06-01,38.57407760620117,,23.966720581054688,,,44.06832504272461,36.251522064208984,23.484569549560547,,48.40401077270508,,,42.521583557128906,,25.19511604309082,31.31661033630371,24.753524780273438,,,90.19999694824219,,30.626445770263672,30.763818740844727,12.30334186553955,20.72333335876465,26.511215209960938,28.267013549804688,43.88898849487305,,36.32477569580078,45.73512649536133,21.317752838134766,20.35030174255371,,29.799901962280273,42.47169494628906,58.27000045776367,,71.23553466796875,122.25,27.927940368652344,29.59117317199707,131.35845947265625,13.406595230102539,22.85972785949707,220.24600219726562,66.26463317871094,,,28.67646598815918,,36.06540298461914,19.849008560180664,,54.059837341308594,111.68260192871094,89.38871765136719,97.09913635253906
2020-07-01,44.717708587646484,,26.88019371032715,,,43.96962356567383,38.59846496582031,24.86865997314453,,56.02421951293945,,,46.0298957824707,,25.379179000854492,30.598739624023438,25.374929428100586,,,95.16000366210938,,33.13599395751953,33.715267181396484,14.213166236877441,21.245847702026367,26.63507652282715,28.329896926879883,48.612796783447266,,38.86871337890625,47.10832595825195,26.089107513427734,20.08277702331543,,31.717241287231445,45.19792175292969,59.0,,72.96817779541016,135.94000244140625,30.05804443359375,34.835330963134766,138.97474670410156,14.40846061706543,23.66805076599121,236.6854248046875,71.62284851074219,,,30.134260177612305,,44.96686553955078,20.51552391052246,,58.7320442199707,109.08589935302734,95.24798583984375,102.830810546875
2020-08-01,53.099178314208984,,29.89238739013672,,,44.34467315673828,39.67495346069336,24.836681365966797,,66.9459457397461,,,50.61122512817383,,26.668743133544922,33.266868591308594,25.843843460083008,,,94.58999633789062,,35.59846496582031,34.431888580322266,16.91761589050293,21.98947525024414,27.81498908996582,28.86924171447754,50.41100311279297,,39.60404586791992,49.38716125488281,28.076505661010742,20.851253509521484,42.821998596191406,32.796897888183594,49.044254302978516,58.66999816894531,,76.50315856933594,130.39999389648438,29.298175811767578,43.24213790893555,144.7978057861328,14.442339897155762,24.857589721679688,239.9419403076172,80.2132797241211,,,31.580142974853516,,56.73557662963867,22.16350555419922,,64.76946258544922,111.56034851074219,96.75778198242188,105.49098205566406
2020-09-01,54.85068893432617,,28.642724990844727,,,47.03614807128906,40.10166931152344,23.71641731262207,,71.61544799804688,,,50.76711654663086,,25.952106475830078,33.87700271606445,24.794784545898438,,,94.73999786376953,,33.3056526184082,35.006587982177734,18.25010108947754,21.269054412841797,27.524843215942383,28.623226165771484,49.70267105102539,,39.040809631347656,48.20104217529297,31.018774032592773,20.484249114990234,42.81999969482422,32.27796173095703,47.10951614379883,56.619998931884766,,71.58536529541016,135.9199981689453,28.355554580688477,44.2805061340332,139.2084503173828,14.345908164978027,24.432754516601562,233.8160858154297,78.81745147705078,,,30.93720245361328,,64.72791290283203,21.350500106811523,,63.569847106933594,111.18120574951172,97.34771728515625,102.7821044921875
2020-10-01,54.734039306640625,,27.564821243286133,,,47.56022644042969,40.29563522338867,23.804359436035156,,73.0482406616211,,,50.61122512817383,,24.97132682800293,32.92984390258789,23.882850646972656,,,95.37999725341797,,33.72341537475586,35.15150833129883,19.30621910095215,21.07602310180664,26.519018173217773,27.341243743896484,49.49399185180664,,38.06494140625,46.959014892578125,33.714111328125,19.92849349975586,42.92100143432617,31.606454849243164,45.859806060791016,56.540000915527344,,74.0267105102539,136.47000122070312,29.859888076782227,47.327491760253906,133.95989990234375,14.511813163757324,23.620849609375,229.99359130859375,76.11885833740234,,,30.023910522460938,,68.70409393310547,21.233312606811523,,62.21289825439453,112.60442352294922,97.3777084350586,99.45369720458984
2020-11-01,69.59481048583984,,30.838665008544922,,27.792999267578125,55.32967758178711,43.85484313964844,23.69443130493164,,93.60414123535156,,,59.470787048339844,,29.06863784790039,36.54997634887695,27.409757614135742,,,102.44000244140625,,41.66883850097656,39.729103088378906,23.22471046447754,23.613698959350586,28.240530014038086,30.16241455078125,51.99226760864258,,41.3572883605957,52.17668914794922,39.757957458496094,21.969297409057617,48.2599983215332,35.3886604309082,51.377052307128906,63.88999938964844,,83.8224868774414,148.64999389648438,30.75093650817871,63.31974792480469,145.92735290527344,16.1220703125,26.08489227294922,249.2052459716797,86.4528579711914,,,32.425865173339844,,84.49894714355469,22.522397994995117,,70.8757095336914,133.00442504882812,105.96662902832031,107.35832977294922
2020-12-01,79.45903778076172,,25.726844787597656,,30.07699966430664,57.95502471923828,45.387142181396484,26.64649200439453,,106.60909271240234,,,65.06539916992188,,29.753459930419922,37.38285446166992,27.92949104309082,,,107.77999877929688,,42.89468002319336,43.697017669677734,27.873600006103516,24.073219299316406,29.00457191467285,30.71867561340332,54.331180572509766,,42.26177978515625,54.82319259643555,43.96973419189453,21.925277709960938,51.71099853515625,35.91730880737305,52.117618560791016,70.12999725341797,,85.2624740600586,160.07000732421875,30.7315673828125,70.15216827392578,147.3685302734375,17.85450553894043,26.726865768432617,259.6996765136719,91.44352722167969,,29.471168518066406,33.19131851196289,,102.6615219116211,21.606855392456055,,78.28973388671875,140.57330322265625,113.82563018798828,110.97804260253906
2021-01-01,90.92668914794922,,31.53803062438965,,29.75,62.652679443359375,46.20359802246094,28.709999084472656,,128.9458465576172,,,65.65430450439453,,30.39626121520996,37.89338684082031,28.480958938598633,,,108.48999786376953,,48.03223419189453,47.27513122558594,29.465665817260742,24.559650421142578,28.871049880981445,32.77397155761719,55.419864654541016,,43.7293701171875,55.25998306274414,48.015567779541016,22.239173889160156,52.47200012207031,37.293453216552734,53.61207580566406,75.68000030517578,,96.27027893066406,165.55999755859375,30.51968765258789,79.86151885986328,144.98638916015625,17.945842742919922,26.994733810424805,263.5269775390625,94.55472564697266,,31.1118106842041,32.69614791870117,,108.69000244140625,23.19353485107422,,78.19190979003906,152.8378448486328,118.5250473022461,112.99752807617188
2021-02-01,80.5260009765625,,32.34894943237305,,29.474000930786133,61.889949798583984,46.41017150878906,28.768999099731445,,116.48786926269531,,,65.93142700195312,,31.231369018554688,38.32784652709961,30.086719512939453,,,107.79000091552734,,49.69667053222656,45.8858642578125,25.559980392456055,24.77690887451172,28.609378814697266,31.969444274902344,54.74836730957031,,43.08127212524414,55.93341827392578,44.77934646606445,22.829364776611328,52.96799850463867,37.51008224487305,54.65825653076172,74.16999816894531,,97.1769027709961,163.13999938964844,29.468292236328125,73.10223388671875,144.08474731445312,15.947463989257812,27.14789390563965,258.3876647949219,92.36035919189453,,30.806869506835938,32.59895324707031,,101.31999969482422,23.873579025268555,,82.1311264038086,147.95919799804688,120.38480377197266,110.62027740478516
2021-03-01,77.43952941894531,,33.30168533325195,,28.145000457763672,57.323486328125,48.338191986083984,27.631000518798828,,112.34835815429688,,,65.41181182861328,,33.08381271362305,39.73447799682617,31.429365158081055,,,108.61000061035156,,47.199031829833984,43.86692428588867,24.02737045288086,25.466468811035156,29.46223258972168,31.423372268676758,54.90959548950195,25.100337982177734,44.14820098876953,57.85889434814453,40.776390075683594,24.228445053100586,50.07400131225586,37.598121643066406,55.143306732177734,73.81999969482422,,99.08871459960938,157.0399932861328,32.30122375488281,68.59271240234375,154.7083282470703,15.719925880432129,28.43062400817871,266.69805908203125,93.32469940185547,,30.084945678710938,34.40046310424805,,91.7699966430664,25.15366554260254,,84.1747817993164,135.6125946044922,119.60490417480469,114.67729949951172
2021-04-01,72.30377960205078,16.43050765991211,35.10328674316406,,29.753999710083008,59.46308517456055,51.210548400878906,30.299999237060547,,103.4114990234375,,,64.81637573242188,,33.738792419433594,38.12425231933594,34.52335739135742,,,114.56999969482422,,48.780738830566406,46.40559005737305,22.979263305664062,25.883834838867188,29.837961196899414,32.19289016723633,58.911014556884766,25.517229080200195,46.0021858215332,59.00728988647461,40.79630661010742,24.443317413330078,52.21099853515625,39.03838348388672,58.40549087524414,75.41999816894531,,98.42363739013672,156.14999389648438,33.56239318847656,64.84310913085938,158.88221740722656,15.630888938903809,29.138996124267578,279.2981872558594,95.01721954345703,,30.143404006958008,36.106658935546875,25.210397720336914,83.1500015258789,26.769771575927734,,90.60191345214844,136.6199951171875,125.80412292480469,119.5998764038086
2021-05-01,68.68907928466797,16.59180450439453,35.243099212646484,15.770551681518555,29.076000213623047,55.47114562988281,52.715579986572266,31.860000610351562,,99.6991958618164,,,64.2787094116211,,34.76963424682617,38.701904296875,34.97814178466797,,,114.19000244140625,24.95000648498535,47.77616500854492,44.976341247558594,22.662853240966797,26.607820510864258,30.48236656188965,32.25334167480469,57.529701232910156,26.378032684326172,46.39918518066406,60.357666015625,41.66261672973633,25.15684700012207,50.930999755859375,39.103668212890625,57.92044448852539,73.22000122070312,,106.73861694335938,154.92999267578125,33.102237701416016,62.48336410522461,162.23292541503906,15.700139999389648,30.1536922454834,283.3092041015625,95.4797134399414,,30.4395751953125,36.23699188232422,25.556903839111328,79.11000061035156,26.889780044555664,,90.31561279296875,128.10000610351562,121.05472564697266,121.8375015258789
2021-06-01,75.29285430908203,16.277931213378906,36.832984924316406,15.633235931396484,30.260000228881836,60.30506134033203,52.77460479736328,32.849998474121094,,104.49754333496094,,,60.0206298828125,,34.10939407348633,37.932350158691406,35.58713912963867,,,117.11000061035156,24.305564880371094,50.83911895751953,48.14567565917969,23.196794509887695,25.902938842773438,30.179689407348633,34.11640930175781,60.01306915283203,25.836654663085938,47.54948806762695,59.38767623901367,49.200523376464844,24.843469619750977,55.94499969482422,40.798152923583984,61.36333084106445,77.33000183105469,,105.76853942871094,166.3000030517578,32.60291290283203,69.20264434814453,158.78366088867188,16.066177368164062,29.39745330810547,291.59002685546875,97.7823257446289,,31.64765167236328,36.82447052001953,26.4570255279541,89.33000183105469,26.793773651123047,,85.70504760742188,135.39999389648438,129.2036895751953,124.15399169921875
2021-07-01,71.88308715820312,15.959224700927734,36.9108772277832,16.549999237060547,30.065000534057617,55.35227966308594,56.26667785644531,28.309999465942383,,98.0344467163086,,24.493999481201172,66.95071411132812,,35.88093948364258,38.07425308227539,37.4009895324707,,,122.05000305175781,24.613351821899414,49.96544647216797,47.46503448486328,22.58037567138672,26.450462341308594,31.16779136657715,34.9727668762207,63.547523498535156,25.690933227539062,49.63237762451172,59.86777114868164,47.78654479980469,25.631084442138672,59.05400085449219,40.82584762573242,63.303524017333984,75.4000015258789,,100.88568115234375,165.55999755859375,33.31631851196289,66.76000213623047,157.84986877441406,16.166419982910156,30.340559005737305,307.24542236328125,96.5372543334961,,32.00520324707031,37.914241790771484,26.88319206237793,85.66999816894531,27.80183982849121,,87.34984588623047,123.41000366210938,129.7536163330078,130.77391052246094
2021-08-01,70.20072937011719,15.951282501220703,36.9108772277832,17.009557723999023,30.54599952697754,57.17192840576172,58.4504508972168,26.260000228881836,21.02400016784668,97.46971893310547,,23.740999221801758,67.16043090820312,,36.81283187866211,38.793785095214844,38.24046325683594,,,125.5199966430664,24.37468147277832,52.373416900634766,48.784339904785156,23.196836471557617,26.451427459716797,31.502185821533203,36.35181427001953,65.4641342163086,26.211082458496094,50.66619873046875,60.18467712402344,46.820655822753906,25.964021682739258,60.6510009765625,41.58060073852539,66.36598205566406,78.48999786376953,,101.20301818847656,169.9499969482422,34.113555908203125,66.98999786376953,159.07620239257812,16.355560302734375,30.69188117980957,314.44952392578125,99.04804992675781,21.469999313354492,33.20060729980469,38.775367736816406,27.787296295166016,85.62999725341797,29.489952087402344,,89.31376647949219,132.83999633789062,130.95347595214844,133.8020782470703
2021-09-01,65.84056091308594,14.953001976013184,34.85062026977539,15.87651252746582,29.381999969482422,54.11408615112305,54.92886734008789,26.573999404907227,19.6299991607666,93.08071899414062,,22.22599983215332,63.23566436767578,,35.26167297363281,39.5693473815918,36.33436584472656,,,119.04000091552734,22.64334487915039,49.16607666015625,45.5560417175293,21.526426315307617,25.421981811523438,30.125255584716797,34.307186126708984,62.66908264160156,25.235443115234375,48.02885818481445,57.91827392578125,43.6939697265625,25.02886390686035,56.93299865722656,39.576499938964844,62.24782943725586,74.83999633789062,,99.73530578613281,161.00999450683594,31.977767944335938,62.599998474121094,152.34127807617188,15.549229621887207,29.37442398071289,297.1217956542969,94.95564270019531,20.030000686645508,31.988637924194336,36.71598434448242,26.099565505981445,79.94999694824219,27.4818172454834,,84.73792266845703,125.70999908447266,125.10421752929688,125.97442626953125
2021-10-01,78.98322296142578,15.75587272644043,37.44017791748047,16.594568252563477,29.760000228881836,53.77927780151367,58.09632873535156,24.704999923706055,21.520000457763672,108.59186553955078,49.569000244140625,24.690000534057617,72.01395416259766,,36.741615295410156,38.33866882324219,38.566375732421875,51.29743194580078,,120.97000122070312,23.378915786743164,50.626651763916016,46.65245819091797,25.125762939453125,26.408361434936523,31.187458038330078,34.811161041259766,65.33294677734375,25.983749389648438,49.888343811035156,59.20757293701172,48.563236236572266,25.687583923339844,61.63199996948242,41.25911331176758,68.48688507080078,75.06999969482422,,102.3170394897461,163.4499969482422,33.4534797668457,77.41000366210938,154.05221557617188,16.75175666809082,29.9599609375,307.24542236328125,95.57840728759766,23.16900062561035,34.73505783081055,39.04212188720703,27.73253059387207,99.0999984741211,28.737899780273438,26.4689998626709,83.9603271484375,124.80999755859375,125.8241195678711,132.89315795898438
2021-11-01,73.80807495117188,15.547910690307617,36.598297119140625,16.609426498413086,27.60099983215332,47.96272659301758,57.427425384521484,23.802000045776367,20.899999618530273,100.15542602539062,44.52399826049805,22.60300064086914,69.89678192138672,,35.585289001464844,36.686302185058594,38.231571197509766,48.893611907958984,26.541763305664062,116.91000366210938,22.49271011352539,47.09364318847656,42.82247543334961,23.35592269897461,25.550020217895508,30.262950897216797,33.96971893310547,61.697784423828125,24.505046844482422,47.92029571533203,56.67757797241211,49.797977447509766,25.146888732910156,58.7599983215332,39.679378509521484,67.67847442626953,70.48999786376953,25.645360946655273,102.3270034790039,149.72000122070312,33.166194915771484,77.11000061035156,152.8159942626953,15.728414535522461,28.671777725219727,291.8707275390625,90.12186431884766,22.670000076293945,33.00868225097656,38.80292892456055,27.39000701904297,89.48999786376953,28.265871047973633,23.736000061035156,84.30924224853516,116.2699966430664,112.86575317382812,128.8314666748047
2021-12-01,63.966339111328125,14.754602432250977,35.936180114746094,17.372055053710938,28.886999130249023,46.84340286254883,59.64071273803711,21.667999267578125,20.06999969482422,89.50565338134766,37.9739990234375,20.722999572753906,66.61116027832031,25.885725021362305,36.82719039916992,36.556549072265625,41.72772979736328,50.82145690917969,24.713706970214844,124.16000366210938,22.995481491088867,43.87643051147461,43.55109405517578,21.049165725708008,26.174976348876953,31.394001007080078,34.775856018066406,65.76236724853516,25.51689338684082,51.58150100708008,57.356117248535156,46.372562408447266,26.204559326171875,57.084999084472656,40.0948371887207,65.2151870727539,71.20999908447266,27.90143394470215,110.2787857055664,154.9499969482422,35.37529373168945,67.97000122070312,167.90771484375,15.589048385620117,29.38418197631836,319.3320007324219,89.71658325195312,20.461999893188477,32.01786422729492,41.303043365478516,29.077735900878906,76.97000122070312,24.64963150024414,23.3799991607666,91.70636749267578,111.95999908447266,117.28520202636719,139.9141845703125
2022-01-01,53.375732421875,16.099117279052734,30.40999984741211,15.680000305175781,25.08799934387207,39.369998931884766,53.9900016784668,18.791000366210938,17.530000686645508,79.81428527832031,31.41699981689453,17.743999481201172,59.510093688964844,23.8310489654541,36.66297149658203,35.73899841308594,39.0566291809082,49.0402946472168,21.485797882080078,110.55999755859375,22.495006561279297,38.83000183105469,37.599998474121094,18.75,26.417861938476562,30.94490623474121,33.022247314453125,58.99494934082031,24.105510711669922,47.66899871826172,57.376136779785156,40.4900016784668,27.14226722717285,48.45500183105469,37.547000885009766,60.4900016784668,60.72999954223633,25.236961364746094,101.06456756591797,129.2100067138672,34.416114807128906,57.11000061035156,167.89430236816406,14.270999908447266,29.31999969482422,294.8755187988281,86.55999755859375,16.959999084472656,29.165000915527344,39.32649230957031,27.152999877929688,65.4800033569336,28.43000030517578,21.152000427246094,89.5,93.43000030517578,103.53874206542969,130.82191467285156
2022-02-01,56.622432708740234,15.925450325012207,28.43199920654297,15.010000228881836,24.929000854492188,39.084999084472656,51.650001525878906,18.74799919128418,17.594999313354492,83.8259506225586,33.2599983215332,18.320999145507812,61.29859161376953,23.177379608154297,34.455204010009766,35.75,37.816890716552734,47.45371627807617,23.334575653076172,111.20999908447266,22.40570068359375,37.066001892089844,36.75,20.709999084472656,26.153881072998047,30.557846069335938,32.10828399658203,59.1949348449707,23.56250762939453,47.492000579833984,56.59889602661133,41.400001525878906,26.576099395751953,48.500999450683594,36.81800079345703,58.040000915527344,60.27000045776367,25.756282806396484,102.37255096435547,129.39999389648438,33.709686279296875,59.720001220703125,166.9681854248047,15.40999984741211,28.81999969482422,296.60247802734375,86.86000061035156,17.75200080871582,29.493000030517578,38.17015075683594,25.969999313354492,71.47000122070312,27.360000610351562,22.700000762939453,88.16000366210938,89.83000183105469,109.35810852050781,129.55587768554688
2022-03-01,63.25568771362305,15.4793062210083,29.3700008392334,15.239999771118164,25.382999420166016,40.08000183105469,52.41999816894531,17.340999603271484,17.983999252319336,89.54408264160156,35.14400100708008,18.426000595092773,61.38851547241211,24.104076385498047,34.609046936035156,34.54999923706055,40.1872673034668,47.65328598022461,24.146039962768555,114.66000366210938,22.693464279174805,37.395999908447266,36.41999816894531,21.520000457763672,26.262052536010742,30.90520668029785,34.094512939453125,60.95478057861328,23.624053955078125,49.54499816894531,56.299957275390625,36.599998474121094,26.863170623779297,50.16600036621094,37.821998596191406,60.72999954223633,62.029998779296875,27.094528198242188,100.76502227783203,134.55999755859375,36.495609283447266,64.62000274658203,168.58140563964844,16.079999923706055,29.1200008392334,305.90625,85.30000305175781,18.798999786376953,30.013999938964844,39.996788024902344,26.865999221801758,75.45999908447266,27.18000030517578,21.45400047302246,89.31999969482422,89.87999725341797,112.02781677246094,136.5640106201172
2022-04-01,52.54999923706055,14.819999694824219,28.389999389648438,14.449999809265137,24.100000381469727,36.279998779296875,49.900001525878906,14.890000343322754,16.420000076293945,78.79000091552734,28.889999389648438,16.590999603271484,56.22999954223633,23.832000732421875,35.15999984741211,31.885000228881836,40.779998779296875,45.400001525878906,21.639999389648438,111.22000122070312,22.030000686645508,32.400001525878906,33.0099983215332,19.350000381469727,26.049999237060547,30.59000015258789,33.68600082397461,57.95000076293945,23.020000457763672,48.400001525878906,54.29999923706055,31.100000381469727,27.389999389648438,45.125,36.2400016784668,55.70000076293945,59.54999923706055,26.549999237060547,105.23999786376953,126.93000030517578,36.459999084472656,54.4900016784668,178.8699951171875,15.220000267028809,28.170000076293945,294.2699890136719,83.41999816894531,15.859999656677246,26.964000701904297,39.35100173950195,26.229999542236328,63.970001220703125,26.559999465942383,19.520000457763672,89.69999694824219,81.56999969482422,103.45999908447266,134.57000732421875
